City_ID,City,Lat,Lng,Max Temp °K,Humidity,Cloudiness,Wind Speed,Country,Date,Max Temp °C
0,mocuba,-16.8392,36.9856,297.55,88,97,2.1,MZ,1675791316,24.400000000000038
1,ushuaia,-54.8,-68.3,285.96,50,40,5.66,AR,1675791241,12.810000000000002
2,sar-e pul,35.8333,66.1667,277.01,55,55,5.81,AF,1675791317,3.8600000000000136
3,hilo,19.7297,-155.09,296.08,89,75,3.09,US,1675791318,22.930000000000007
4,urengoy,65.9667,78.3667,242.24,100,92,2.1,RU,1675791321,-30.909999999999968
5,butaritari,3.0707,172.7902,300.45,80,100,10.18,KI,1675790894,27.30000000000001
6,sao filipe,14.8961,-24.4956,293.76,64,0,6.55,CV,1675790631,20.610000000000014
7,yellowknife,62.456,-114.3525,258.61,96,100,3.03,CA,1675790788,-14.539999999999964
8,chokurdakh,70.6333,147.9167,234.02,100,99,1.52,RU,1675791325,-39.12999999999997
9,bredasdorp,-34.5322,20.0403,293.9,71,100,4.3,ZA,1675791278,20.75
10,tuatapere,-46.1333,167.6833,283.29,86,89,5.02,NZ,1675791048,10.140000000000043
11,albany,42.6001,-73.9662,277.06,44,63,2.24,US,1675791312,3.910000000000025
12,vaini,-21.2,-175.2,297.24,100,75,0.51,TO,1675791044,24.090000000000032
13,oliveira,-20.6964,-44.8272,298.54,73,56,1.93,BR,1675791263,25.390000000000043
14,qaanaaq,77.484,-69.3632,243.03,67,98,2.99,GL,1675791327,-30.119999999999976
15,narsaq,60.9167,-46.05,254.27,65,78,2.53,GL,1675791328,-18.879999999999967
16,victoria,22.2855,114.1577,293.69,92,57,4.02,HK,1675791048,20.54000000000002
17,tasiilaq,65.6145,-37.6368,257.24,53,43,6.12,GL,1675791329,-15.909999999999968
18,ola,59.5833,151.2833,243.06,87,73,3.83,RU,1675791330,-30.08999999999997
19,lebu,-37.6167,-73.65,291.67,64,0,8.23,CL,1675791116,18.52000000000004
20,atuona,-9.8,-139.0333,299.03,77,5,7.36,PF,1675791331,25.879999999999995
21,kikwit,-5.041,18.8162,295.62,83,71,1.05,CD,1675791333,22.470000000000027
22,hirara,24.8,125.2833,293.27,77,100,6.9,JP,1675791334,20.120000000000005
23,dzilam gonzalez,21.2833,-88.9333,303.21,47,9,3.62,MX,1675791335,30.06
24,progreso,21.2833,-89.6667,303.21,52,4,4.17,MX,1675791335,30.06
25,paamiut,61.994,-49.6678,258.25,75,100,3.77,GL,1675791045,-14.899999999999975
26,mrakovo,52.7161,56.6244,253.6,100,88,1.54,RU,1675791336,-19.549999999999983
27,khatanga,71.9667,102.5,229.38,100,69,0.61,RU,1675791336,-43.76999999999998
28,faanui,-16.4833,-151.75,299.83,78,26,5.55,PF,1675791338,26.680000000000007
29,wad madani,14.4012,33.5199,299.03,13,4,7.6,SD,1675791338,25.879999999999995
30,rikitea,-23.1203,-134.9692,299.22,74,52,5.49,PF,1675791077,26.07000000000005
31,port alfred,-33.5906,26.891,295.47,89,88,1.34,ZA,1675791339,22.32000000000005
32,hermanus,-34.4187,19.2345,294.71,76,100,6.07,ZA,1675791112,21.56
33,asau,46.4333,26.4,269.66,96,100,1.69,RO,1675791171,-3.4899999999999523
34,jiazi,22.8779,116.067,289.96,84,45,7.85,CN,1675791341,16.810000000000002
35,iqaluit,63.7506,-68.5145,240.2,67,75,2.57,CA,1675791342,-32.94999999999999
36,luderitz,-26.6481,15.1594,294.65,71,0,11.77,,1675791342,21.5
37,thompson,55.7435,-97.8558,251.24,71,40,1.54,CA,1675791263,-21.909999999999968
38,kruisfontein,-34.0033,24.7314,295.86,78,99,3.56,ZA,1675791053,22.71000000000004
39,punta arenas,-53.15,-70.9167,288.21,51,40,4.12,CL,1675791151,15.060000000000002
40,airai,-8.9266,125.4092,289.4,94,79,0.82,TL,1675791281,16.25
41,mataura,-46.1927,168.8643,283.42,84,83,2.44,NZ,1675791046,10.27000000000004
42,kawalu,-7.3817,108.2082,295.75,96,100,0.61,ID,1675791344,22.600000000000023
43,beaune,47.0833,4.75,274.95,69,0,2.26,FR,1675791345,1.8000000000000114
44,upernavik,72.7868,-56.1549,246.8,95,99,3.02,GL,1675791277,-26.34999999999997
45,saskylakh,71.9167,114.0833,237.85,100,100,1.0,RU,1675791051,-35.29999999999998
46,morden,49.1919,-98.1014,269.39,68,93,2.06,CA,1675791346,-3.759999999999991
47,isangel,-19.55,169.2667,298.95,86,100,2.21,VU,1675791346,25.80000000000001
48,san patricio,28.017,-97.5169,299.12,72,100,8.85,US,1675791347,25.970000000000027
49,dikson,73.5069,80.5464,246.28,95,85,7.34,RU,1675791289,-26.869999999999976
50,kodiak,57.79,-152.4072,270.88,69,0,4.63,US,1675791348,-2.269999999999982
51,tocopilla,-22.092,-70.1979,297.93,74,61,3.62,CL,1675791348,24.78000000000003
52,salalah,17.0151,54.0924,298.2,57,0,1.54,OM,1675791349,25.05000000000001
53,fare,-16.7,-151.0167,299.79,77,21,5.44,PF,1675791057,26.640000000000043
54,mount gambier,-37.8333,140.7667,285.06,90,75,3.47,AU,1675791160,11.910000000000023
55,bluff,-46.6,168.3333,283.6,73,86,10.97,NZ,1675791228,10.450000000000044
56,sur,22.5667,59.5289,295.95,66,23,2.98,OM,1675791350,22.80000000000001
57,vila franca do campo,37.7167,-25.4333,286.38,79,80,7.2,PT,1675791350,13.230000000000018
58,portland,45.5234,-122.6762,281.53,89,100,7.6,US,1675791124,8.379999999999995
59,bethel,41.3712,-73.414,277.69,36,0,3.09,US,1675791351,4.5400000000000205
60,jamestown,42.097,-79.2353,281.49,50,75,6.17,US,1675791042,8.340000000000032
61,kutum,14.2,24.6667,292.59,19,35,5.66,SD,1675791352,19.44
62,samarai,-10.6167,150.6667,299.5,82,100,5.48,PG,1675791352,26.350000000000023
63,tyrma,50.0833,132.1667,240.73,99,7,1.23,RU,1675791353,-32.41999999999999
64,belmonte,-15.8631,-38.8828,301.95,64,23,6.02,BR,1675791353,28.80000000000001
65,lander,42.833,-108.7307,277.48,57,0,0.0,US,1675791354,4.330000000000041
66,kapaa,22.0752,-159.319,296.33,93,75,5.66,US,1675791224,23.180000000000007
67,bundaberg,-24.85,152.35,294.94,93,39,1.79,AU,1675791354,21.79000000000002
68,tigil,57.8,158.6667,251.16,98,100,2.07,RU,1675791355,-21.98999999999998
69,nampula,-15.1165,39.2666,295.12,100,75,2.06,MZ,1675791355,21.970000000000027
70,olavarria,-36.8927,-60.3225,309.71,17,0,5.08,AR,1675791356,36.56
71,tiksi,71.6872,128.8694,240.96,98,100,1.68,RU,1675791357,-32.18999999999997
72,kedzierzyn-kozle,50.3498,18.2261,270.66,73,98,2.05,PL,1675791357,-2.4899999999999523
73,ostrow mazowiecka,52.8024,21.8951,274.05,72,100,2.24,PL,1675791357,0.9000000000000341
74,puerto ayora,-0.7393,-90.3518,303.13,88,30,4.02,EC,1675791358,29.980000000000015
75,san jeronimo,-11.9472,-75.2829,289.87,50,65,2.76,PE,1675791358,16.720000000000027
76,longyearbyen,78.2186,15.6401,269.06,74,75,19.03,SJ,1675791359,-4.089999999999975
77,kavieng,-2.5744,150.7967,299.35,84,100,2.45,PG,1675791359,26.200000000000045
78,bensonville,6.4461,-10.6125,301.9,69,78,3.79,LR,1675791360,28.75
79,ipixuna,-1.7625,-48.8043,302.78,65,82,2.04,BR,1675791360,29.629999999999995
80,pisco,-13.7,-76.2167,298.18,83,0,4.12,PE,1675791361,25.03000000000003
81,saryg-sep,51.5,95.6,248.17,99,65,1.34,RU,1675791361,-24.97999999999999
82,port lincoln,-34.7333,135.8667,290.81,81,0,6.54,AU,1675791362,17.660000000000025
83,cape town,-33.9258,18.4232,295.99,78,20,10.8,ZA,1675791124,22.840000000000032
84,saint-pierre,-21.3393,55.4781,299.97,74,75,4.12,RE,1675791363,26.82000000000005
85,nome,64.5011,-165.4064,251.54,91,0,0.0,US,1675791218,-21.609999999999985
86,kautokeino,69.0125,23.0412,270.6,73,23,9.17,NO,1675791366,-2.5499999999999545
87,makungu,-8.7333,35.2833,291.13,95,92,1.89,TZ,1675791366,17.980000000000018
88,lakes entrance,-37.8811,147.981,285.83,91,17,1.3,AU,1675791367,12.680000000000009
89,torbay,47.6666,-52.7314,268.47,82,100,9.83,CA,1675791368,-4.67999999999995
90,katsuura,35.1333,140.3,283.6,84,100,6.55,JP,1675791163,10.450000000000044
91,kahului,20.8947,-156.47,296.95,86,20,5.81,US,1675791339,23.80000000000001
92,antalaha,-14.9003,50.2788,297.3,90,100,2.75,MG,1675791370,24.150000000000038
93,alice springs,-23.7,133.8833,298.9,69,34,0.51,AU,1675791097,25.75
94,chuy,-33.6971,-53.4616,302.48,43,2,4.92,UY,1675791372,29.33000000000004
95,umm lajj,25.0213,37.2685,291.32,57,100,6.85,SA,1675791372,18.170000000000016
96,doha,25.2867,51.5333,298.14,46,0,3.6,QA,1675791373,24.99000000000001
97,stykkisholmur,65.0757,-22.7297,270.03,56,100,15.48,IS,1675791374,-3.1200000000000045
98,comodoro rivadavia,-45.8667,-67.5,298.07,29,0,6.17,AR,1675791375,24.920000000000016
99,kupang,-10.1667,123.5833,299.2,86,91,4.52,ID,1675791375,26.05000000000001
100,sorland,67.667,12.6934,278.07,81,75,14.4,NO,1675791376,4.920000000000016
101,cabo san lucas,22.8909,-109.9124,297.62,62,40,2.06,MX,1675791360,24.470000000000027
102,egvekinot,66.3167,-179.1667,243.41,87,98,3.99,RU,1675791172,-29.73999999999998
103,coihaique,-45.5752,-72.0662,296.49,46,40,4.12,CL,1675791377,23.340000000000032
104,avarua,-21.2078,-159.775,299.18,89,75,2.06,CK,1675791292,26.03000000000003
105,butembo,0.15,29.2833,290.07,56,66,1.15,CD,1675791378,16.920000000000016
106,port-gentil,-0.7193,8.7815,301.13,78,40,3.09,GA,1675791379,27.980000000000015
107,hithadhoo,-0.6,73.0833,300.81,68,100,4.07,MV,1675791380,27.660000000000025
108,talnakh,69.4865,88.3972,251.04,97,99,2.75,RU,1675791381,-22.109999999999985
109,lishui,28.4604,119.9103,285.18,95,99,1.22,CN,1675791381,12.03000000000003
110,lagoa,39.05,-27.9833,286.14,61,67,8.89,PT,1675791382,12.990000000000007
111,ngunguru,-35.6167,174.5,289.35,80,72,3.2,NZ,1675791383,16.200000000000045
112,souillac,-20.5167,57.5167,300.36,78,75,5.14,MU,1675791384,27.21000000000004
113,san javier,37.8063,-0.8374,285.42,65,100,8.49,ES,1675791385,12.27000000000004
114,atikokan,48.7555,-91.6216,266.52,82,100,4.9,CA,1675791386,-6.629999999999996
115,teguise,29.0605,-13.564,290.27,59,75,3.6,ES,1675791387,17.120000000000005
116,severo-kurilsk,50.6789,156.125,267.78,66,80,5.83,RU,1675791234,-5.3700000000000045
117,horsham,51.064,-0.3272,279.21,74,0,1.03,GB,1675791210,6.060000000000002
118,lata,40.1629,-8.3327,281.26,63,4,0.51,PT,1675791388,8.110000000000014
119,adrar,20.5022,-10.0711,295.64,15,16,4.94,MR,1675791389,22.49000000000001
120,muros,42.7762,-9.0603,285.75,65,0,9.29,ES,1675791389,12.600000000000025
121,santa barbara,34.7333,-120.0343,288.33,24,0,0.77,US,1675791165,15.180000000000009
122,peterhead,57.5058,-1.7981,279.51,89,86,4.09,GB,1675791390,6.360000000000014
123,new norfolk,-42.7826,147.0587,286.87,93,39,1.09,AU,1675791391,13.720000000000027
124,cidreira,-30.1811,-50.2056,299.59,62,2,4.69,BR,1675791332,26.44
125,busselton,-33.65,115.3333,289.22,93,1,4.85,AU,1675791392,16.07000000000005
126,norman wells,65.282,-126.8329,249.17,77,100,0.0,CA,1675791392,-23.97999999999999
127,melilla,35.2937,-2.9383,287.36,72,75,5.14,ES,1675791393,14.210000000000036
128,kundla,21.3333,71.3,294.4,59,2,3.07,IN,1675791394,21.25
129,quatre cocos,-20.2078,57.7625,300.42,79,39,6.69,MU,1675791395,27.27000000000004
130,taltal,-25.4,-70.4833,296.45,71,27,3.36,CL,1675791395,23.30000000000001
131,mayo,38.8876,-76.5119,282.11,66,0,3.6,US,1675791396,8.960000000000036
132,padang,-0.9492,100.3543,297.55,78,100,1.98,ID,1675791100,24.400000000000038
133,yar-sale,66.8333,70.8333,250.6,97,50,4.99,RU,1675791396,-22.549999999999983
134,vostok,46.4856,135.8833,253.14,99,100,2.03,RU,1675791397,-20.00999999999999
135,miquelon,47.0975,-56.3814,268.15,72,98,13.85,PM,1675791397,-5.0
136,barrow,71.2906,-156.7887,249.16,77,100,4.63,US,1675791110,-23.98999999999998
137,east london,-33.0153,27.9116,295.67,94,20,5.66,ZA,1675791398,22.52000000000004
138,carnarvon,-24.8667,113.6333,297.91,71,4,9.59,AU,1675791399,24.760000000000048
139,aswan,24.0934,32.907,289.76,25,0,3.6,EG,1675791399,16.610000000000014
140,tuktoyaktuk,69.4541,-133.0374,239.15,68,100,1.54,CA,1675791282,-33.99999999999997
141,jutai,-5.1833,-68.9,300.57,87,70,0.97,BR,1675791400,27.420000000000016
142,aksarka,66.5606,67.7975,252.46,95,86,5.34,RU,1675791400,-20.68999999999997
143,karpogory,64.0019,44.4451,268.31,92,100,4.94,RU,1675791401,-4.839999999999975
144,afua,-0.1567,-50.3867,300.55,81,86,2.98,BR,1675791401,27.400000000000038
145,kalmunai,7.4167,81.8167,298.09,88,38,2.93,LK,1675791402,24.94
146,acarau,-2.8856,-40.12,301.46,70,100,5.51,BR,1675791402,28.31
147,gushi,34.6425,109.5843,281.55,47,100,3.85,CN,1675791403,8.400000000000034
148,poronaysk,49.2167,143.1167,249.75,100,97,1.84,RU,1675791403,-23.399999999999977
149,pahrump,36.2083,-115.9839,281.77,40,0,1.79,US,1675791404,8.620000000000005
150,margate,51.3813,1.3862,278.09,83,8,3.16,GB,1675791216,4.939999999999998
151,rio gallegos,-51.6226,-69.2181,293.18,42,40,0.93,AR,1675791161,20.03000000000003
152,surin,14.8818,103.4936,299.52,59,39,2.04,TH,1675791405,26.370000000000005
153,vila velha,-20.3297,-40.2925,304.12,73,20,7.72,BR,1675791174,30.970000000000027
154,mairana,-18.1167,-63.9333,289.73,97,98,0.98,BO,1675791405,16.58000000000004
155,albion,42.2431,-84.753,281.6,70,40,8.75,US,1675791218,8.450000000000045
156,capinopolis,-18.6819,-49.5697,301.09,68,79,2.46,BR,1675791406,27.94
157,ambon,-3.6954,128.1814,298.23,94,40,2.57,ID,1675791121,25.08000000000004
158,umea,63.8284,20.2597,271.99,93,0,1.03,SE,1675791407,-1.1599999999999682
159,hobart,-42.8794,147.3294,287.07,58,100,2.57,AU,1675791283,13.920000000000016
160,castro,-24.7911,-50.0119,299.54,49,69,0.41,BR,1675791248,26.390000000000043
161,dukat,62.55,155.55,232.99,100,98,1.89,RU,1675791408,-40.15999999999997
162,mackay,-21.15,149.2,299.08,82,90,8.67,AU,1675791408,25.930000000000007
163,victor harbor,-35.5667,138.6167,289.08,85,0,3.3,AU,1675791409,15.930000000000009
164,ostrovnoy,68.0531,39.5131,276.15,88,100,11.98,RU,1675791409,3.0
165,road town,18.4167,-64.6167,301.17,74,40,4.12,VG,1675791202,28.02000000000004
166,shimoda,34.6667,138.95,282.65,74,95,2.65,JP,1675791165,9.5
167,sheboygan,43.7333,-87.9334,277.14,79,100,8.23,US,1675791335,3.990000000000009
168,bay roberts,47.5999,-53.2648,268.89,77,100,8.49,CA,1675791410,-4.259999999999991
169,la palma,33.8464,-118.0467,293.52,36,0,2.68,US,1675791411,20.370000000000005
170,labuhan,-6.8844,112.2051,297.7,91,100,3.31,ID,1675791411,24.55000000000001
171,klaksvik,62.2266,-6.589,280.66,80,86,20.67,FO,1675791412,7.510000000000048
172,lincoln,40.8,-96.667,280.53,45,0,3.09,US,1675791270,7.3799999999999955
173,bara,10.3744,10.7288,302.08,14,89,4.41,NG,1675791413,28.930000000000007
174,kaitangata,-46.2817,169.8464,285.9,57,26,5.04,NZ,1675791413,12.75
175,pingliang,35.5392,106.6861,275.92,59,100,1.36,CN,1675791414,2.7700000000000387
176,dunedin,-45.8742,170.5036,283.86,74,73,3.18,NZ,1675791415,10.710000000000036
177,shenkursk,62.1091,42.896,267.35,94,100,5.25,RU,1675791415,-5.7999999999999545
178,cherskiy,68.75,161.3,237.3,98,100,2.31,RU,1675791416,-35.849999999999966
179,hasaki,35.7333,140.8333,281.37,82,100,10.25,JP,1675791416,8.220000000000027
180,faya,18.3851,42.4509,289.21,76,38,2.41,SA,1675791286,16.060000000000002
181,tashigang,27.3331,91.5542,282.28,94,99,1.27,BT,1675791417,9.129999999999995
182,olafsvik,64.8945,-23.7142,271.15,53,100,18.19,IS,1675791419,-2.0
183,motala,58.5371,15.0365,276.02,83,95,5.98,SE,1675791419,2.8700000000000045
184,guerrero negro,27.9769,-114.0611,291.37,25,5,1.9,MX,1675791346,18.220000000000027
185,ribeira grande,38.5167,-28.7,287.37,54,75,8.23,PT,1675791135,14.220000000000027
186,esperance,-33.8667,121.9,293.06,73,35,5.21,AU,1675791401,19.910000000000025
187,arraial do cabo,-22.9661,-42.0278,304.13,70,40,3.6,BR,1675791420,30.980000000000015
188,mindelo,16.8901,-24.9804,295.9,40,40,13.89,CV,1675791421,22.75
189,ponta do sol,32.6667,-17.1,290.77,63,42,2.78,PT,1675791198,17.620000000000005
190,necochea,-38.5473,-58.7368,303.37,43,14,4.53,AR,1675791421,30.220000000000027
191,mehamn,71.0357,27.8492,276.12,65,40,18.01,NO,1675791422,2.9700000000000277
192,jensen beach,27.2545,-80.2298,297.64,58,20,5.14,US,1675791378,24.49000000000001
193,rodrigues alves,-7.738,-72.6509,297.26,96,99,1.1,BR,1675791422,24.110000000000014
194,cayenne,4.9333,-52.3333,303.17,66,75,7.2,GF,1675791423,30.02000000000004
195,dubbo,-32.25,148.6167,295.22,60,1,6.17,AU,1675791400,22.07000000000005
196,requena,39.4883,-1.1004,277.88,77,70,2.66,ES,1675791424,4.730000000000018
197,barra do garcas,-15.89,-52.2567,306.47,52,40,1.54,BR,1675791424,33.32000000000005
198,geraldton,-28.7667,114.6,293.38,83,40,3.6,AU,1675791180,20.230000000000015
199,wheeling,42.1392,-87.929,276.62,82,100,8.75,US,1675791237,3.4700000000000277
200,nhulunbuy,-12.2333,136.7667,300.49,83,100,0.0,AU,1675791426,27.340000000000032
201,bessemer,33.4018,-86.9544,292.73,50,91,0.89,US,1675791163,19.58000000000004
202,teguldet,57.3064,88.1667,263.54,95,100,2.97,RU,1675791428,-9.609999999999957
203,babadag,44.9,28.7167,271.08,80,100,5.66,RO,1675791429,-2.069999999999993
204,belokurikha,51.9959,84.9896,267.28,97,100,0.13,RU,1675791431,-5.8700000000000045
205,kiunga,-6.1219,141.2906,296.02,99,100,0.79,PG,1675791432,22.870000000000005
206,karratha,-20.7377,116.8463,303.51,60,19,3.95,AU,1675791433,30.360000000000014
207,chicama,-7.8447,-79.1469,294.45,54,55,4.95,PE,1675791433,21.30000000000001
208,djibo,14.1022,-1.6306,305.79,11,49,4.04,BF,1675791434,32.64000000000004
209,tucuma,-0.1833,-50.05,300.3,83,80,3.31,BR,1675791434,27.150000000000038
210,cumberland,35.0502,-78.8664,291.75,48,0,2.57,US,1675791407,18.600000000000023
211,bani walid,31.7566,13.9942,285.3,52,51,6.81,LY,1675791435,12.150000000000034
212,cockburn town,21.4612,-71.1419,298.2,76,1,9.01,TC,1675791298,25.05000000000001
213,clyde river,70.4692,-68.5914,240.28,68,75,1.03,CA,1675791436,-32.869999999999976
214,pangody,65.85,74.4859,246.3,100,100,2.77,RU,1675791438,-26.84999999999997
215,kinablangan,7.6947,126.5503,297.34,83,100,1.95,PH,1675791439,24.19
216,provideniya,64.3833,-173.3,246.52,93,71,1.36,RU,1675791440,-26.629999999999967
217,mutis,6.2262,-77.4044,301.1,79,59,1.46,CO,1675791440,27.950000000000045
218,nizwa,22.9333,57.5333,296.72,28,40,0.53,OM,1675791442,23.57000000000005
219,tual,-5.6667,132.75,300.57,77,100,8.63,ID,1675791158,27.420000000000016
220,port blair,11.6667,92.75,300.17,78,40,3.09,IN,1675791443,27.02000000000004
221,ancud,-41.8697,-73.8203,290.99,70,3,3.78,CL,1675791260,17.840000000000032
222,alpena,45.0617,-83.4327,278.81,96,100,5.36,US,1675791444,5.660000000000025
223,tyukhtet,56.5389,89.3011,264.88,92,100,3.05,RU,1675791444,-8.269999999999982
224,belaya gora,68.5333,146.4167,231.29,100,99,0.73,RU,1675791445,-41.85999999999999
225,saint-philippe,-21.3585,55.7679,299.92,85,59,6.17,RE,1675791445,26.77000000000004
226,lorengau,-2.0226,147.2712,299.06,91,100,6.34,PG,1675791445,25.910000000000025
227,nemuro,43.3236,145.575,269.13,89,95,3.81,JP,1675791446,-4.019999999999982
228,goderich,43.7501,-81.7165,280.32,81,88,8.75,CA,1675791447,7.170000000000016
229,port elizabeth,-33.918,25.5701,295.55,91,20,5.14,ZA,1675791412,22.400000000000038
230,leningradskiy,69.3833,178.4167,241.49,97,100,2.73,RU,1675791447,-31.659999999999968
231,hay river,60.8156,-115.7999,254.14,71,40,6.69,CA,1675791449,-19.00999999999999
232,lac du bonnet,50.2536,-96.0612,264.91,82,84,1.75,CA,1675791450,-8.239999999999952
233,deyang,31.1302,104.382,283.6,82,100,0.56,CN,1675791450,10.450000000000044
234,georgetown,5.4112,100.3354,296.85,87,95,3.26,MY,1675791077,23.700000000000045
235,grindavik,63.8424,-22.4338,271.12,86,75,13.38,IS,1675791451,-2.0299999999999727
236,saint-augustin,51.226,-58.6502,259.92,58,3,1.04,CA,1675791452,-13.22999999999996
237,tiarei,-17.5333,-149.3333,300.16,68,20,4.84,PF,1675791453,27.010000000000048
238,imbituba,-28.24,-48.6703,300.24,65,3,4.6,BR,1675791453,27.090000000000032
239,beringovskiy,63.05,179.3167,244.72,96,100,3.48,RU,1675791408,-28.42999999999998
240,kodinsk,58.6881,99.1844,258.79,97,100,1.41,RU,1675791454,-14.359999999999957
241,hastings,50.8552,0.5729,278.84,73,2,4.25,GB,1675791265,5.689999999999998
242,raga,8.4596,25.678,299.31,12,83,2.1,SS,1675791455,26.160000000000025
243,obidos,-1.9175,-55.5181,302.58,71,75,1.58,BR,1675791456,29.430000000000007
244,acara,-1.9608,-48.1967,301.66,85,61,1.53,BR,1675791456,28.510000000000048
245,cumana,10.4635,-64.1775,299.77,72,88,5.93,VE,1675791457,26.620000000000005
246,tubuala,9.5167,-79.0333,299.85,80,96,7.14,PA,1675791457,26.700000000000045
247,nam som,17.7704,102.1895,297.64,58,28,1.4,TH,1675791458,24.49000000000001
248,merrill,45.1805,-89.6835,275.31,73,100,5.66,US,1675791458,2.160000000000025
249,half moon bay,37.4636,-122.4286,287.09,78,75,0.0,US,1675791348,13.939999999999998
250,moron,-34.6534,-58.6198,310.38,31,25,2.64,AR,1675791459,37.23000000000002
251,bengkulu,-3.8004,102.2655,297.67,86,96,3.33,ID,1675791459,24.52000000000004
252,huarmey,-10.0681,-78.1522,298.58,71,31,4.5,PE,1675791459,25.430000000000007
253,haines junction,60.7522,-137.5108,265.12,93,100,0.0,CA,1675791460,-8.029999999999973
254,sao jose do belmonte,-7.8614,-38.7597,308.3,18,52,3.68,BR,1675791460,35.150000000000034
255,pangnirtung,66.1451,-65.7125,240.15,68,20,0.0,CA,1675791461,-32.99999999999997
256,udachnyy,66.4167,112.4,236.73,66,97,1.21,RU,1675791462,-36.41999999999999
257,birjand,32.8663,59.2211,284.41,62,40,2.06,IR,1675791462,11.260000000000048
258,viedma,-40.8135,-62.9967,306.44,23,0,5.08,AR,1675791463,33.29000000000002
259,roald,62.5833,6.1333,279.35,81,75,5.14,NO,1675791463,6.2000000000000455
260,nikolskoye,59.7035,30.7861,271.09,91,90,4.03,RU,1675791171,-2.0600000000000023
261,oktyabrskiy,54.4815,53.471,252.55,100,95,1.49,RU,1675791464,-20.59999999999997
262,male,4.1748,73.5089,301.12,83,75,4.12,MV,1675791295,27.970000000000027
263,akureyri,65.6835,-18.0878,270.11,74,75,7.2,IS,1675791465,-3.039999999999964
264,sanger,36.708,-119.556,285.26,91,0,1.54,US,1675791465,12.110000000000014
265,cap malheureux,-19.9842,57.6142,300.63,74,17,4.47,MU,1675791466,27.480000000000015
266,jiuquan,39.7432,98.5174,270.69,47,98,2.13,CN,1675791466,-2.4599999999999795
267,lompoc,34.6391,-120.4579,289.7,71,0,0.89,US,1675791467,16.55000000000001
268,vestmanna,62.1564,-7.1664,279.66,81,100,9.26,FO,1675791467,6.510000000000048
269,sept-iles,50.2001,-66.3821,265.4,87,100,4.12,CA,1675791468,-7.75
270,hami,42.8,93.45,273.83,47,100,1.61,CN,1675791468,0.6800000000000068
271,coquimbo,-29.9533,-71.3436,295.0,68,0,5.66,CL,1675791469,21.850000000000023
272,laguna,38.421,-121.4238,285.42,74,0,1.54,US,1675791469,12.27000000000004
273,kirakira,-10.4544,161.9205,299.91,87,100,4.63,SB,1675791470,26.760000000000048
274,bayan,46.0833,127.4,250.75,99,39,0.6,CN,1675791470,-22.399999999999977
275,syracuse,37.0881,15.2792,281.8,51,95,7.29,IT,1675791393,8.650000000000034
276,liverpool,53.4106,-2.9779,281.82,81,20,1.54,GB,1675791325,8.670000000000016
277,channel-port aux basques,47.5702,-59.1367,267.67,53,84,5.6,CA,1675791471,-5.479999999999961
278,koutsouras,35.0339,25.9469,279.88,75,66,12.16,GR,1675791472,6.730000000000018
279,ilulissat,69.2167,-51.1,250.16,70,75,2.57,GL,1675791472,-22.98999999999998
280,hofn,64.2539,-15.2082,274.43,73,100,8.99,IS,1675791473,1.2800000000000296
281,tanout,14.9709,8.8879,297.86,10,100,5.01,NE,1675791473,24.71000000000004
282,inverell,-29.7833,151.1167,291.02,82,31,2.24,AU,1675791473,17.870000000000005
283,vao,-22.6667,167.4833,299.15,70,83,5.18,NC,1675791474,26.0
284,mount isa,-20.7333,139.5,299.02,83,76,2.06,AU,1675791474,25.870000000000005
285,krasnoselkup,65.7,82.4667,250.38,100,97,4.27,RU,1675791475,-22.769999999999985
286,amapa,1.0,-52.0,299.18,92,86,2.34,BR,1675791476,26.03000000000003
287,bambous virieux,-20.3428,57.7575,300.49,78,75,5.14,MU,1675791476,27.340000000000032
288,sorong,-0.8833,131.25,298.71,86,100,3.22,ID,1675791476,25.56
289,ahipara,-35.1667,173.1667,291.16,80,97,2.28,NZ,1675791354,18.010000000000048
290,wicklow,53.0,-6.4167,279.86,86,97,0.86,IE,1675791477,6.710000000000036
291,ponta delgada,37.7333,-25.6667,286.55,88,75,9.26,PT,1675791477,13.400000000000034
292,bembereke,10.2283,2.6634,303.68,12,100,2.59,BJ,1675791478,30.53000000000003
293,floro,61.5996,5.0328,278.69,87,75,3.6,NO,1675791478,5.5400000000000205
294,jalu,29.0331,21.5482,286.42,46,72,2.71,LY,1675791479,13.27000000000004
295,mar del plata,-38.0023,-57.5575,300.28,77,40,6.71,AR,1675791479,27.129999999999995
296,raudeberg,61.9875,5.1352,278.08,66,73,8.57,NO,1675791419,4.930000000000007
297,fengcheng,40.4536,124.0717,269.2,46,19,2.44,CN,1675791480,-3.9499999999999886
298,oranjemund,-28.55,16.4333,291.09,96,42,8.25,,1675791480,17.939999999999998
299,pontian kecil,1.4801,103.3899,299.27,88,99,2.76,MY,1675791481,26.120000000000005
300,sitka,57.0531,-135.33,273.09,86,40,1.54,US,1675791481,-0.0600000000000022
301,havoysund,70.9963,24.6622,276.28,67,64,16.61,NO,1675791482,3.1299999999999955
302,mnogovershinnyy,53.9353,139.9242,244.66,98,99,0.66,RU,1675791483,-28.48999999999998
303,okhotsk,59.3833,143.3,248.41,88,98,4.37,RU,1675791483,-24.73999999999998
304,caravelas,-17.7125,-39.2481,302.97,57,53,5.32,BR,1675791395,29.82000000000005
305,manavalakurichi,8.1333,77.3,297.78,75,55,2.27,IN,1675791484,24.629999999999995
306,jega,12.2175,4.3792,304.03,10,100,4.4,NG,1675791485,30.879999999999995
307,hervey bay,-25.2986,152.8535,298.31,64,34,6.91,AU,1675791485,25.160000000000025
308,westport,41.1415,-73.3579,278.39,50,0,2.57,US,1675791105,5.240000000000009
309,coxim,-18.5067,-54.76,296.84,89,100,1.03,BR,1675791486,23.69
310,inhambane,-23.865,35.3833,301.14,78,40,4.63,MZ,1675791486,27.99000000000001
311,balao,-2.9167,-79.8167,302.58,61,19,2.46,EC,1675791487,29.430000000000007
312,pietarsaari,63.65,22.6833,274.26,91,100,0.45,FI,1675791487,1.1100000000000136
313,sola,-13.8833,167.55,300.99,75,95,5.37,VU,1675791489,27.840000000000032
314,singkang,2.1006,102.7994,296.41,95,99,1.8,MY,1675791490,23.260000000000048
315,zhangye,38.9342,100.4517,269.79,49,66,2.13,CN,1675791490,-3.359999999999957
316,los llanos de aridane,28.6585,-17.9182,289.01,76,75,6.69,ES,1675791491,15.860000000000014
317,noumea,-22.2763,166.4572,296.14,82,88,3.57,NC,1675791390,22.99000000000001
318,sao joao da barra,-21.6403,-41.0511,304.2,77,98,3.12,BR,1675791491,31.05000000000001
319,luangwa,-15.6167,30.4167,297.06,85,38,0.87,ZM,1675791278,23.910000000000025
320,itarema,-2.9248,-39.9167,301.88,67,100,5.68,BR,1675791492,28.730000000000015
321,lima,-12.0432,-77.0282,299.29,65,0,6.69,PE,1675790613,26.140000000000043
322,birao,10.2849,22.7882,300.34,11,25,3.07,CF,1675791493,27.19
323,teya,60.3778,92.6267,257.49,98,100,1.2,RU,1675791493,-15.659999999999968
324,yendi,9.4427,-0.0099,309.6,21,55,1.5,GH,1675791494,36.450000000000045
325,elko,41.0002,-115.5012,268.51,76,100,1.34,US,1675791494,-4.639999999999986
326,henties bay,-22.116,14.2845,292.45,83,50,2.06,,1675791495,19.30000000000001
327,posse,-14.0931,-46.3694,304.58,36,32,0.96,BR,1675791495,31.430000000000007
328,mumford,5.2618,-0.759,300.16,80,26,4.79,GH,1675791496,27.010000000000048
329,beira,-19.8436,34.8389,301.2,83,40,3.6,MZ,1675791497,28.05000000000001
330,krems,48.4092,15.6142,272.34,73,0,1.05,AT,1675791499,-0.8100000000000023
331,moose factory,51.2585,-80.6094,271.15,80,100,8.75,CA,1675791313,-2.0
332,minuri,16.535,121.8574,294.42,95,25,0.69,PH,1675791500,21.27000000000004
333,namibe,-15.1961,12.1522,295.64,73,100,4.6,AO,1675791500,22.49000000000001
334,kidal,18.4411,1.4078,302.93,11,98,4.07,ML,1675791501,29.78000000000003
335,saldanha,-33.0117,17.9442,295.18,89,100,10.57,ZA,1675791356,22.03000000000003
336,kysyl-syr,63.8986,122.7617,229.63,100,100,0.19,RU,1675791502,-43.51999999999998
337,codrington,-38.2667,141.9667,285.37,88,63,3.78,AU,1675791503,12.220000000000027
338,zhigansk,66.7697,123.3711,225.99,100,94,1.34,RU,1675791504,-47.15999999999997
339,anadyr,64.75,177.4833,244.43,76,40,3.0,RU,1675791504,-28.71999999999997
340,clarence town,-32.5833,151.7833,296.4,95,5,1.22,AU,1675791505,23.25
341,sioux lookout,50.1001,-91.917,265.19,73,100,6.17,CA,1675791505,-7.9599999999999795
342,touros,-5.1989,-35.4608,302.86,54,57,7.67,BR,1675791506,29.71000000000004
343,bonavista,48.6499,-53.1147,268.69,62,100,8.6,CA,1675791507,-4.45999999999998
344,rancho veloz,22.8806,-80.3917,299.82,60,98,9.31,CU,1675791507,26.670000000000016
345,poya,-21.35,165.15,298.4,89,100,1.35,NC,1675791509,25.25
346,caxito,-8.5785,13.6643,299.67,73,57,3.58,AO,1675791509,26.52000000000004
347,fortuna,40.5982,-124.1573,280.89,95,0,3.09,US,1675791510,7.740000000000009
348,mitu,1.1983,-70.1733,303.3,56,92,1.07,CO,1675791510,30.150000000000038
349,saint george,37.1041,-113.5841,281.62,52,0,2.57,US,1675791301,8.470000000000027
350,solnechnyy,50.7214,136.6319,251.18,98,100,2.36,RU,1675791511,-21.96999999999997
351,asyut,27.181,31.1837,285.25,37,99,3.95,EG,1675791512,12.100000000000025
352,nantucket,41.2835,-70.0995,275.23,75,100,8.75,US,1675791296,2.080000000000041
353,karabulak,43.3036,44.8964,266.7,95,100,3.55,RU,1675791513,-6.449999999999989
354,alofi,-19.0595,-169.9187,297.09,100,100,2.06,NU,1675791513,23.94
355,mahanoro,-19.9,48.8,297.01,85,100,1.4,MG,1675791514,23.860000000000014
356,linxia,35.6003,103.2064,272.41,84,100,1.01,CN,1675791514,-0.7399999999999523
357,dnipryany,46.7463,33.2729,269.89,70,98,7.69,UA,1675791515,-3.259999999999991
358,puerto ayacucho,5.6639,-67.6236,307.55,40,48,1.31,VE,1675791517,34.400000000000034
359,west bay,19.3667,-81.4167,302.19,76,40,8.75,KY,1675791520,29.04000000000002
360,grand-santi,4.25,-54.3833,303.18,61,94,1.51,GF,1675791520,30.03000000000003
361,rambha,19.5167,85.1,293.99,85,10,2.58,IN,1675791521,20.840000000000032
362,qandala,11.472,49.8728,297.5,81,80,2.83,SO,1675791521,24.350000000000023
363,tooele,40.5308,-112.2983,274.76,67,0,1.54,US,1675791522,1.6100000000000136
364,gubkinskiy,64.434,76.5026,246.93,100,64,3.96,RU,1675791523,-26.21999999999997
365,evansville,37.9748,-87.5558,288.25,71,75,6.69,US,1675791523,15.100000000000025
366,san quintin,30.4833,-115.95,290.08,32,0,0.69,MX,1675791475,16.930000000000007
367,tilichiki,60.4667,166.1,239.74,92,33,4.29,RU,1675791524,-33.40999999999997
368,riosucio,5.4216,-75.7032,298.71,45,14,0.58,CO,1675791524,25.56
369,khasan,42.4308,130.6434,267.46,66,67,3.15,RU,1675791525,-5.689999999999998
370,cabedelo,-6.9811,-34.8339,304.52,62,91,7.35,BR,1675791525,31.370000000000005
371,constitucion,-35.3333,-72.4167,294.99,52,4,2.11,CL,1675791526,21.840000000000032
372,wageningen,51.9667,5.6667,276.43,85,1,1.03,NL,1675791413,3.2800000000000296
373,alta floresta,-9.8756,-56.0861,305.05,62,75,3.6,BR,1675791287,31.900000000000038
374,la troncal,-2.4,-79.3333,303.19,68,70,1.66,EC,1675791527,30.04000000000002
375,bredy,52.4153,60.3411,254.12,100,88,2.41,RU,1675791527,-19.029999999999973
376,arrifes,37.7667,-25.7,285.29,88,75,9.26,PT,1675791528,12.140000000000043
377,queanbeyan,-35.35,149.2333,291.03,86,99,1.99,AU,1675791234,17.879999999999995
378,tamiahua,21.2667,-97.45,298.85,67,33,3.2,MX,1675791529,25.700000000000045
379,aykhal,66.0,111.5,235.88,100,99,1.71,RU,1675791529,-37.26999999999998
380,namatanai,-3.6667,152.4333,299.22,82,100,1.47,PG,1675791529,26.07000000000005
381,vangaindrano,-23.35,47.6,295.96,90,100,1.07,MG,1675791531,22.81
382,visnes,59.3556,5.2242,280.49,93,100,3.09,NO,1675791531,7.340000000000032
383,salme,28.0369,85.0942,281.31,71,55,2.57,NP,1675791532,8.160000000000025
384,ixtapa,20.7,-105.2,295.72,68,20,0.0,MX,1675791372,22.57000000000005
385,matay,28.419,30.7792,286.99,41,91,4.2,EG,1675791532,13.840000000000032
386,abong mbang,3.9833,13.1833,298.27,22,17,0.96,CM,1675791533,25.120000000000005
387,port macquarie,-31.4333,152.9167,292.91,80,46,1.08,AU,1675791527,19.760000000000048
388,bud,39.447,-86.1758,287.16,75,100,5.68,US,1675791534,14.010000000000048
389,wuwei,37.9281,102.6414,271.23,45,100,1.86,CN,1675791534,-1.919999999999959
390,valenca,-13.3703,-39.0731,303.87,48,20,4.13,BR,1675791535,30.720000000000027
391,nanortalik,60.1432,-45.2371,261.08,59,7,13.23,GL,1675791290,-12.069999999999991
392,nancha,47.1333,129.2667,251.69,99,14,0.79,CN,1675791536,-21.45999999999998
393,nanakuli,21.3906,-158.1547,297.12,78,0,1.54,US,1675791536,23.970000000000027
394,mishan,45.55,131.8833,253.0,97,28,2.0,CN,1675791537,-20.149999999999977
395,dunmore town,25.5,-76.65,295.84,63,0,8.23,BS,1675791537,22.69
396,baicheng,45.6167,122.8167,259.25,81,1,3.23,CN,1675791537,-13.899999999999975
397,mussomeli,37.5778,13.7513,276.41,74,99,2.8,IT,1675791538,3.260000000000048
398,antofagasta,-23.65,-70.4,296.75,71,88,4.19,CL,1675791337,23.600000000000023
399,bitung,1.4451,125.1824,296.62,90,100,4.74,ID,1675791539,23.470000000000027
400,bahir dar,11.5936,37.3908,295.25,31,11,3.28,ET,1675791539,22.100000000000023
401,porto nacional,-10.7081,-48.4172,300.15,59,87,0.5,BR,1675791540,27.0
402,mecca,21.4267,39.8261,293.04,51,100,6.13,SA,1675791540,19.890000000000043
403,dali,25.7,100.1833,278.84,61,0,2.27,CN,1675791540,5.689999999999998
404,kununurra,-15.7667,128.7333,298.14,83,1,1.54,AU,1675791541,24.99000000000001
405,usogorsk,63.4106,48.6872,263.99,94,100,4.65,RU,1675791541,-9.159999999999968
406,la asuncion,11.0333,-63.8628,299.14,75,98,6.22,VE,1675791542,25.99000000000001
407,manjacaze,-24.7117,33.8828,296.94,91,68,2.87,MZ,1675791542,23.79000000000002
408,oriximina,-1.7656,-55.8661,301.78,77,75,0.99,BR,1675791543,28.629999999999995
409,porto novo,6.4965,2.6036,303.05,77,99,4.46,BJ,1675791494,29.900000000000038
410,waiouru,-39.4833,175.6667,283.41,90,99,2.44,NZ,1675791544,10.260000000000048
411,sobolevo,54.4299,31.8996,259.84,98,22,0.96,RU,1675791545,-13.310000000000002
412,gamba,-2.65,10.0,299.06,77,60,2.29,GA,1675791545,25.910000000000025
413,dubti,11.7361,41.0853,302.65,17,30,1.22,ET,1675791545,29.5
414,dieppe,49.75,1.1667,276.53,84,0,2.61,FR,1675791546,3.3799999999999955
415,visby,57.6409,18.296,275.27,87,0,6.69,SE,1675791536,2.1200000000000045
416,dingle,10.9995,122.6711,296.32,92,100,3.45,PH,1675791547,23.170000000000016
417,florianopolis,-27.6146,-48.5012,301.72,66,40,7.2,BR,1675791508,28.57000000000005
418,petrovsk-zabaykalskiy,51.273,108.843,249.51,100,84,1.2,RU,1675791548,-23.639999999999983
419,bathsheba,13.2167,-59.5167,300.49,69,75,8.23,BB,1675791548,27.340000000000032
420,morristown,36.214,-83.2949,290.03,41,0,0.0,US,1675791451,16.879999999999995
421,mashhad,36.297,59.6062,286.23,44,20,2.06,IR,1675791549,13.08000000000004
422,tutubigan,11.8397,125.0614,295.32,96,100,1.41,PH,1675791550,22.170000000000016
423,sanming,26.2486,117.6186,288.99,97,93,1.07,CN,1675791551,15.840000000000032
424,fort nelson,58.8053,-122.7002,256.92,92,20,1.03,CA,1675791551,-16.22999999999996
425,tucuman,-26.8241,-65.2226,306.15,52,20,2.06,AR,1675791552,33.0
426,miri,4.4148,114.0089,297.34,91,95,2.0,MY,1675791552,24.19
427,kyzyl-suu,42.3414,78.0056,266.44,58,9,5.94,KG,1675791553,-6.70999999999998
428,keti bandar,24.1447,67.4497,295.42,58,10,3.51,PK,1675791554,22.27000000000004
429,telemaco borba,-24.3239,-50.6156,302.65,35,54,1.91,BR,1675791555,29.5
430,kinston,35.2627,-77.5816,288.31,47,0,3.09,US,1675791557,15.160000000000023
431,tommot,58.9564,126.2925,238.19,99,99,0.19,RU,1675791517,-34.95999999999998
432,ipil,7.75,122.5167,296.63,88,100,1.39,PH,1675791558,23.480000000000015
433,thurso,58.5927,-3.5259,279.29,81,45,5.19,GB,1675791560,6.140000000000043
434,kenai,60.5544,-151.2583,267.18,100,100,2.57,US,1675791331,-5.96999999999997
435,kushima,31.4583,131.2333,284.59,92,81,1.53,JP,1675791562,11.439999999999998
436,palana,59.1167,159.9667,247.2,100,100,4.3,RU,1675791563,-25.94999999999999
437,fuxin,42.0156,121.6589,267.15,75,4,1.39,CN,1675791565,-6.0
438,wanaka,-44.7,169.15,281.29,74,37,2.01,NZ,1675791566,8.140000000000043
439,muisne,0.6,-80.0333,301.05,72,18,4.41,EC,1675791420,27.900000000000038
440,norrkoping,58.5942,16.1826,276.47,78,100,6.17,SE,1675791566,3.32000000000005
441,hare bay,48.8499,-54.0148,265.93,64,78,4.2,CA,1675791567,-7.21999999999997
442,mezen,65.8522,44.24,270.92,93,100,5.88,RU,1675791418,-2.2299999999999613
443,acapulco,16.8634,-99.8901,303.05,48,0,2.06,MX,1675791568,29.900000000000038
444,rocha,-34.4833,-54.3333,305.42,33,3,6.06,UY,1675791569,32.27000000000004
445,sinegorye,62.0788,150.477,238.62,99,99,0.56,RU,1675791569,-34.52999999999997
446,edgewater,28.9889,-80.9023,299.35,53,20,6.17,US,1675791570,26.200000000000045
447,jiangkou,25.4872,119.1986,287.0,88,76,5.08,CN,1675791571,13.850000000000025
448,zhanaozen,43.3,52.8,278.17,65,100,9.22,KZ,1675791571,5.020000000000039
449,chapleau,47.8405,-83.4034,272.2,93,100,4.63,CA,1675791572,-0.9499999999999886
450,san buenaventura,27.0833,-101.5333,298.49,33,8,3.8,MX,1675791572,25.340000000000032
451,flinders,-34.5833,150.8552,294.36,90,100,1.79,AU,1675791444,21.21000000000004
452,northam,51.0333,-4.2167,279.05,76,8,1.79,GB,1675791573,5.900000000000034
453,san juan de los morros,9.9115,-67.3538,305.63,35,90,1.84,VE,1675791574,32.48000000000002
454,saint-francois,46.4154,3.9054,278.84,49,0,2.06,FR,1675791575,5.689999999999998
455,xuanhua,40.6103,115.0447,268.79,69,3,2.43,CN,1675791578,-4.359999999999957
456,salinopolis,-0.6136,-47.3561,300.26,79,46,5.23,BR,1675791578,27.110000000000014
457,shirgaon,19.7,72.7,295.18,61,32,2.73,IN,1675791579,22.03000000000003
458,kloulklubed,7.0419,134.2556,297.43,77,100,7.6,PW,1675791579,24.28000000000003
459,murray bridge,-35.1167,139.2667,288.89,74,0,1.85,AU,1675791580,15.740000000000007
460,funadhoo,6.15,73.2667,300.31,71,57,5.58,MV,1675791580,27.160000000000025
461,mahajanga,-15.7167,46.3167,298.16,83,20,7.2,MG,1675791421,25.010000000000048
462,kaduna,10.5222,7.4383,302.76,10,81,4.48,NG,1675791581,29.610000000000014
463,prince rupert,54.3161,-130.3201,278.98,80,100,4.12,CA,1675791582,5.830000000000041
464,russell,32.3502,-85.1999,294.47,51,90,2.75,US,1675791582,21.32000000000005
465,hualmay,-11.0964,-77.6139,298.95,67,11,4.59,PE,1675791582,25.80000000000001
466,tiznit,29.5833,-9.5,284.92,59,3,4.3,MA,1675791583,11.77000000000004
467,latung,5.5,120.8833,300.21,74,100,0.31,PH,1675791583,27.06
468,jati,24.3539,68.2671,295.37,41,15,3.52,PK,1675791584,22.220000000000027
469,albanel,48.8832,-72.4487,262.14,67,88,5.14,CA,1675791584,-11.009999999999993
470,natal,-5.795,-35.2094,303.51,58,20,7.72,BR,1675791585,30.360000000000014
471,santa cruz de tenerife,28.4682,-16.2546,292.38,82,75,6.69,ES,1675791457,19.230000000000015
472,mende,44.6667,3.5,267.6,92,7,1.68,FR,1675791585,-5.5499999999999545
473,bambanglipuro,-7.95,110.2833,297.13,92,100,1.76,ID,1675791586,23.980000000000015
474,matara,5.9485,80.5353,297.4,89,36,1.12,LK,1675791587,24.25
475,marzuq,14.4,46.4667,291.26,53,34,2.9,YE,1675791587,18.110000000000014
476,bandarbeyla,9.4942,50.8122,297.93,74,75,6.14,SO,1675791588,24.78000000000003
477,brooks,50.5834,-111.8851,276.14,70,85,4.63,CA,1675791588,2.990000000000009
478,san vicente,-26.6167,-54.1333,307.79,18,1,1.56,AR,1675791589,34.64000000000004
479,pangkalanbuun,-2.6833,111.6167,296.53,93,100,0.97,ID,1675791589,23.379999999999995
480,savignano sul rubicone,44.0953,12.4086,279.0,65,0,3.09,IT,1675791590,5.850000000000023
481,sao raimundo nonato,-9.0153,-42.6994,300.86,63,97,0.49,BR,1675791591,27.71000000000004
482,zalesovo,53.9939,84.7431,262.51,96,99,1.96,RU,1675791591,-10.639999999999986
483,guantanamo,20.1444,-75.2092,301.91,41,9,6.41,CU,1675791441,28.760000000000048
484,evensk,61.95,159.2333,242.78,77,33,4.08,RU,1675791523,-30.369999999999976
485,kayes,14.0,-11.0,308.76,9,16,3.13,ML,1675791592,35.610000000000014
486,diamantino,-14.4086,-56.4461,300.1,73,100,1.24,BR,1675791593,26.950000000000045
487,ukiah,39.1502,-123.2078,284.61,93,0,0.0,US,1675791593,11.460000000000036
488,graham,47.0529,-122.2943,281.87,85,100,3.58,US,1675791594,8.720000000000027
489,roebourne,-20.7833,117.1333,303.55,60,8,3.65,AU,1675791594,30.400000000000038
490,mae hong son,19.3003,97.9685,289.3,40,77,0.78,TH,1675791595,16.150000000000034
491,luba,3.4568,8.5547,302.09,80,65,4.99,GQ,1675791595,28.94
492,havre-saint-pierre,50.2334,-63.5986,261.15,43,0,2.57,CA,1675791596,-12.0
493,mahebourg,-20.4081,57.7,300.51,78,75,5.14,MU,1675791596,27.360000000000014
494,saint anthony,45.0205,-93.218,273.94,71,0,5.66,US,1675791597,0.7900000000000205
495,ugoofaaru,5.6667,73.0,300.33,71,95,5.48,MV,1675791597,27.180000000000007
496,savyntsi,49.4026,37.0627,265.94,82,56,6.8,UA,1675791598,-7.2099999999999795
497,norwich,52.6278,1.2983,278.67,80,0,1.54,GB,1675791598,5.520000000000039
498,la ronge,55.1001,-105.2842,265.29,73,75,1.03,CA,1675791599,-7.859999999999957
499,ambilobe,-13.2,49.05,296.29,96,100,0.81,MG,1675791599,23.140000000000043
500,puerto escondido,15.85,-97.0667,304.61,66,0,2.06,MX,1675791601,31.46000000000004
501,shatalovo,54.334,32.4465,259.76,97,18,0.95,RU,1675791604,-13.389999999999986
502,srednekolymsk,67.45,153.6833,238.49,99,100,2.39,RU,1675791606,-34.65999999999997
503,garowe,8.4054,48.4845,295.86,62,48,7.36,SO,1675791607,22.71000000000004
504,avera,33.194,-82.5271,292.34,42,73,2.99,US,1675791537,19.19
505,adwa,14.1646,38.8955,291.84,49,4,2.24,ET,1675791608,18.69
506,crailsheim,49.1344,10.0719,273.04,61,35,2.69,DE,1675791608,-0.1099999999999568
507,riachao das neves,-11.7461,-44.91,304.47,44,79,2.46,BR,1675791612,31.32000000000005
508,plotnikovo,55.0247,85.9436,262.34,97,100,2.16,RU,1675791614,-10.810000000000002
509,komsomolskiy,40.4272,71.7189,274.55,93,12,1.03,UZ,1675791616,1.400000000000034
510,saravan,39.7196,45.6483,270.45,97,98,0.64,AM,1675791617,-2.6999999999999886
511,palimbang,6.2106,124.1894,298.19,81,100,1.34,PH,1675791618,25.04000000000002
512,bonfim,3.0833,-59.95,305.54,44,62,2.9,BR,1675791618,32.39000000000004
513,chichigalpa,12.5776,-87.027,305.99,38,20,3.09,NI,1675791619,32.84000000000003
514,banagher,53.1886,-7.9867,281.86,91,97,1.84,IE,1675791622,8.710000000000036
515,altamont,42.2068,-121.7372,271.06,86,75,0.0,US,1675791463,-2.089999999999975
516,marsaxlokk,35.8419,14.5431,282.49,71,75,6.17,MT,1675791629,9.340000000000032
517,muzhi,65.3667,64.6667,251.58,95,72,3.75,RU,1675791408,-21.569999999999965
518,akdepe,42.0551,59.3788,282.2,54,100,8.34,TM,1675791476,9.050000000000011
519,lingao,19.9103,109.6859,294.61,91,9,6.3,CN,1675791631,21.46000000000004
520,dargaville,-35.9333,173.8833,291.04,71,99,3.0,NZ,1675791632,17.890000000000043
521,yining,29.0361,114.5636,282.91,96,100,0.92,CN,1675791633,9.760000000000048
522,rock sound,24.9,-76.2,296.15,66,16,8.71,BS,1675791633,23.0
523,chimore,-16.9833,-65.1333,297.5,94,100,0.31,BO,1675791634,24.350000000000023
524,mian channun,30.44,72.3543,288.4,31,7,2.16,PK,1675791634,15.25
525,north platte,41.1239,-100.7654,275.99,72,0,5.36,US,1675791297,2.840000000000032
526,yabassi,4.457,9.9682,300.96,69,51,2.54,CM,1675791635,27.81
527,grand gaube,-20.0064,57.6608,300.58,74,22,3.13,MU,1675791635,27.430000000000007
528,wahiawa,21.5028,-158.0236,295.33,88,82,4.67,US,1675791636,22.180000000000007
529,wanxian,30.8039,108.3897,286.15,83,100,1.27,CN,1675791350,13.0
530,sterling,39.0062,-77.4286,282.34,60,75,4.63,US,1675791499,9.189999999999998
531,qasigiannguit,68.8193,-51.1922,250.29,99,100,2.39,GL,1675791639,-22.859999999999985
532,mananara,-16.1667,49.7667,296.83,94,84,1.88,MG,1675791640,23.680000000000007
533,tailai,46.3833,123.4,256.94,85,22,2.72,CN,1675791640,-16.20999999999998
534,chagoda,59.164,35.3285,267.37,95,95,3.19,RU,1675791641,-5.779999999999973
535,verkhnyaya maksakovka,61.635,50.9674,265.16,86,100,4.0,RU,1675791641,-7.989999999999952
536,port alberni,49.2413,-124.8028,282.48,96,100,4.02,CA,1675791543,9.33000000000004
537,kaeo,-35.1,173.7833,286.66,93,56,1.4,NZ,1675791642,13.510000000000048
538,semey,50.4111,80.2275,261.03,97,98,0.61,KZ,1675791642,-12.120000000000005
539,upata,8.0086,-62.3989,303.32,44,76,2.88,VE,1675791643,30.170000000000016
540,kyshtovka,56.555,76.6271,254.26,100,98,1.77,RU,1675791643,-18.889999999999983
541,allapalli,19.4167,80.0667,294.42,32,18,1.4,IN,1675791644,21.27000000000004
542,bilibino,68.0546,166.4372,234.04,100,100,0.16,RU,1675791644,-39.10999999999999
543,meulaboh,4.1363,96.1285,297.66,85,95,2.22,ID,1675791645,24.510000000000048
544,erzin,36.9559,36.2,276.08,57,40,2.85,TR,1675791646,2.930000000000007
545,port hardy,50.6996,-127.4199,278.25,93,75,1.03,CA,1675791423,5.100000000000023
546,sijunjung,-0.6876,100.9537,293.26,85,83,0.88,ID,1675791646,20.110000000000014
547,dinguiraye,11.3,-10.7167,307.0,12,72,1.34,GN,1675791647,33.85000000000002
